# Angles (rad),Stance Percentage (%),Transmission Cable Displacement (m),Transmission Cable Force (N),Storage Cable Force (N),Scaled Transmission Cable Displacement (cm),Scaled Transmission Cable Force (N),Scaled Storage Cable Force (N)
0.000000000000000000e+00,1.000000000000000000e+02,4.997651059597196799e-02,5.778383775528916910e-01,8.009583034757372655e-02,5.031329341317365006e-02,-7.488806000539165208e-05,-1.014260327947509721e-05
1.745329251994329547e-02,9.954337899543378398e+01,4.964601471087456974e-02,1.122167338430499317e+00,1.592304839561120011e-01,5.030424979726789980e-02,1.574863032493090120e-02,2.134254898936534511e-03
3.490658503988659095e-02,9.908675799086756797e+01,4.932163233713459521e-02,1.634268850288348895e+00,2.374457066377698988e-01,5.027098456719000102e-02,7.380798498033042110e-02,1.002511456300213960e-02
5.235987755982988989e-02,9.863013698630136616e+01,4.900323583157474572e-02,2.115394504854050339e+00,3.147840911012357301e-01,5.021526277489678225e-02,1.705525399474689119e-01,2.325391173828932068e-02
6.981317007977318190e-02,9.817351598173515015e+01,4.869072641318631517e-02,2.566959951348295466e+00,3.912884917676122676e-01,5.013884947234513445e-02,3.021836640759648085e-01,4.141775336418361542e-02
8.726646259971647390e-02,9.771689497716894834e+01,4.838394532575131246e-02,2.990442742897087669e+00,4.669997685144715027e-01,5.004350971149195554e-02,4.647315243776637406e-01,6.411803024537887641e-02
1.047197551196597798e-01,9.726027397260273233e+01,4.808264601199344762e-02,3.386682961171575190e+00,5.419566472775617649e-01,4.993100854429406016e-02,6.541252360566116586e-01,9.095920656803457849e-02
1.221730476396030718e-01,9.680365296803653052e+01,4.778654097230154024e-02,3.757268041444194573e+00,6.161963832607055824e-01,4.980311102270836704e-02,8.662565420430418106e-01,1.215476878180650477e-01
1.396263401595463638e-01,9.634703196347031451e+01,4.749536212999699164e-02,4.103876744419326705e+00,6.897548022846182736e-01,4.966158219869172552e-02,1.097037212860126010e+00,1.554907251243114741e-01
1.570796326794896558e-01,9.589041095890409849e+01,4.720886388895465663e-02,4.427631397459219187e+00,7.626662991292013638e-01,4.950818712420099882e-02,1.342450381741922882e+00,1.923953286305063737e-01
1.745329251994329478e-01,9.543378995433789669e+01,4.692681577335552218e-02,4.728688224427367359e+00,8.349639794630252521e-01,4.934469085119310566e-02,1.598596044492638368e+00,2.318671748880941630e-01
1.919862177193762398e-01,9.497716894977168067e+01,4.664899890904812552e-02,5.009778792183050555e+00,9.066797513018880483e-01,4.917285843162488151e-02,1.861735950961304287e+00,2.735098276337470380e-01
2.094395102393195596e-01,9.452054794520547887e+01,4.637520588264015114e-02,5.271042514865385442e+00,9.778444190342585607e-01,4.899445491745319653e-02,2.128361158462973801e+00,3.169254368916595843e-01
2.268928027592628516e-01,9.406392694063926285e+01,4.610524010475600815e-02,5.514232586306078154e+00,1.048487737498475791e+00,4.881124536063491393e-02,2.395222914775896328e+00,3.617119413830851560e-01
2.443460952792061436e-01,9.360730593607306105e+01,4.583891559798228960e-02,5.740057663581493053e+00,1.118638506595454274e+00,4.862499481312694549e-02,2.659360690190076149e+00,4.074590577880510267e-01
2.617993877991494078e-01,9.315068493150684503e+01,4.557605678936202387e-02,5.950488058141493397e+00,1.188324619781730984e+00,4.843746832688614751e-02,2.917999121108271865e+00,4.537464935565031499e-01
2.792526803190927276e-01,9.269406392694062902e+01,4.531649678480956928e-02,6.144416294291389136e+00,1.257573156596882180e+00,4.825043095386937625e-02,3.168444380862139198e+00,5.001421955430338517e-01
2.967059728390360474e-01,9.223744292237442721e+01,4.506007651311653983e-02,6.325684716796858176e+00,1.326410420458591588e+00,4.806564774603350881e-02,3.408457388769102092e+00,5.462030805349034068e-01
3.141592653589793116e-01,9.178082191780821120e+01,4.480664470826536960e-02,6.491677048150695128e+00,1.394861986152309052e+00,4.788475030534902754e-02,3.636398913278330536e+00,5.915102540326120373e-01
3.316125578789226314e-01,9.132420091324200939e+01,4.455605724718279120e-02,6.645562702119564236e+00,1.462952736370192186e+00,4.770797476300282780e-02,3.852514995817232890e+00,6.359899452316060131e-01
3.490658503988658956e-01,9.086757990867579338e+01,4.430817613978899061e-02,6.787388217405443847e+00,1.530707023195020389e+00,4.753472583284749919e-02,4.058038576056603119e+00,6.797785583145186106e-01
3.665191429188092154e-01,9.041095890410957736e+01,4.406286944402394712e-02,6.916398425294936203e+00,1.598148735817986221e+00,4.736439716206318484e-02,4.254078120782486039e+00,7.230184390253763249e-01
3.839724354387524796e-01,8.995433789954337556e+01,4.382001120589223975e-02,7.035905686729715391e+00,1.665301048623377245e+00,4.719638239783003480e-02,4.441320720151628265e+00,7.658548113909267041e-01
4.014257279586957994e-01,8.949771689497715954e+01,4.357948062591641969e-02,7.142215881027166091e+00,1.732186242247585772e+00,4.703007518732817138e-02,4.620396161584300998e+00,8.084357012739353809e-01
4.188790204786391191e-01,8.904109589041095774e+01,4.334116144850044122e-02,7.239997063027103330e+00,1.798826578533223586e+00,4.686486917773775157e-02,4.792684628094166399e+00,8.509117040386815489e-01
4.363323129985823834e-01,8.858447488584474172e+01,4.310494194791428951e-02,7.325964217335226181e+00,1.865245474149164417e+00,4.670015801623894625e-02,4.959202914277780039e+00,8.934360649497004037e-01
4.537856055185257032e-01,8.812785388127853992e+01,4.287071488648047657e-02,7.403787514416626969e+00,1.931464217796569072e+00,4.653533535001187771e-02,5.120115279335625047e+00,9.361646158507087589e-01
4.712388980384689674e-01,8.767123287671232390e+01,4.263837688145365179e-02,7.471583180603794894e+00,1.997493256197005129e+00,4.636980908165701937e-02,5.276042440708543779e+00,9.792520241357201005e-01
4.886921905584122872e-01,8.721461187214610788e+01,4.240782791379611727e-02,7.530852361825790098e+00,2.063332322335373892e+00,4.620367390920396972e-02,5.427235213345766418e+00,1.022675642415393549e+00
5.061454830783556069e-01,8.675799086757990608e+01,4.217897131531758020e-02,7.583000357673777891e+00,2.128978929714787416e+00,4.603800204354138031e-02,5.572512214350038739e+00,1.066155338862634805e+00
5.235987755982988157e-01,8.630136986301369006e+01,4.195171376520333978e-02,7.624808895538477849e+00,2.194431257372646993e+00,4.587394037491530907e-02,5.711081934962614071e+00,1.109386760165206764e+00
5.410520681182421354e-01,8.584474885844748826e+01,4.172596497326474391e-02,7.660228229367757713e+00,2.259687541372369601e+00,4.571263579357191104e-02,5.842828307284082534e+00,1.152060788605004271e+00
5.585053606381854552e-01,8.538812785388127224e+01,4.150163711373486275e-02,7.686450765002893704e+00,2.324745752468218019e+00,4.555523518975727881e-02,5.966533426197850432e+00,1.193863637971711800e+00
5.759586531581287749e-01,8.493150684931507044e+01,4.127864476656580711e-02,7.705798585900020647e+00,2.389603784083107474e+00,4.540288368951509584e-02,6.081164750809183062e+00,1.234477616552495771e+00
5.934119456780720947e-01,8.447488584474885442e+01,4.105690491742869375e-02,7.717250810708471853e+00,2.454259583416397827e+00,4.525587110131407825e-02,6.188242343361959996e+00,1.273810160245275602e+00
6.108652381980153034e-01,8.401826484018263841e+01,4.083633691615221745e-02,7.721369328052921865e+00,2.518711197945506353e+00,4.511225922639045677e-02,6.289794221024103571e+00,1.312367368323369199e+00
6.283185307179586232e-01,8.356164383561643660e+01,4.061686203145267737e-02,7.768744887883515027e+00,2.582956774027900693e+00,4.496975168504232373e-02,6.386313251773382049e+00,1.350759521476969649e+00
6.457718232379019430e-01,8.310502283105022059e+01,4.039840318068427250e-02,7.836576717898237732e+00,2.646994299976884069e+00,4.482605209756788944e-02,6.479373180661725407e+00,1.389605430637637085e+00
6.632251157578452627e-01,8.264840182648401878e+01,4.018088492604142414e-02,7.903126906813739971e+00,2.710821461413122080e+00,4.467886408426530870e-02,6.571336166555051150e+00,1.429532475783386269e+00
6.806784082777884715e-01,8.219178082191780277e+01,3.996423347455878294e-02,7.965325944286714588e+00,2.774435570044876176e+00,4.452589126543275017e-02,6.663423450606830833e+00,1.471176907646920773e+00
6.981317007977317912e-01,8.173515981735158675e+01,3.974837661085993401e-02,8.026366403755393009e+00,2.837833806640721601e+00,4.436483726136833394e-02,6.756023127502380099e+00,1.515184620671762294e+00
7.155849933176751110e-01,8.127853881278538495e+01,3.953324328757024803e-02,8.084260196828100931e+00,2.901014045218976989e+00,4.419340569237025645e-02,6.848918373085659539e+00,1.562212185103876827e+00
7.330382858376184307e-01,8.082191780821916893e+01,3.931876347112309850e-02,8.140059127691602114e+00,2.963974880352090668e+00,4.400930017873671413e-02,6.943560059994456246e+00,1.612928251147713432e+00
7.504915783575617505e-01,8.036529680365296713e+01,3.910486814147969697e-02,8.194029254253960559e+00,3.026715326585063259e+00,4.381022434076578542e-02,7.040462662243873737e+00,1.668015203853860040e+00
7.679448708775049592e-01,7.990867579908675111e+01,3.889148929212909306e-02,8.245012177567859979e+00,3.089233439981019735e+00,4.359400578563256412e-02,7.136030854214356012e+00,1.728136547099554443e+00
7.853981633974482790e-01,7.945205479452054931e+01,3.867855987380378058e-02,8.295431937738612760e+00,3.151525697503532175e+00,4.336157164469899017e-02,7.232030477185296569e+00,1.793104877665204988e+00
8.028514559173915988e-01,7.899543378995433329e+01,3.846601343981236043e-02,8.342050627111309069e+00,3.213589165235545497e+00,4.311709284568653738e-02,7.321744798293141621e+00,1.861820027132156774e+00
8.203047484373349185e-01,7.853881278538811728e+01,3.825378400825224512e-02,8.388413971949562509e+00,3.275422343275988801e+00,4.286489317635176072e-02,7.405608228771643375e+00,1.933114591777287172e+00
8.377580409572782383e-01,7.808219178082191547e+01,3.804180606170352863e-02,8.432231570312643143e+00,3.337025160529039081e+00,4.260929642445125676e-02,7.479437757339415072e+00,2.005780907629803433e+00
8.552113334772214470e-01,7.762557077625569946e+01,3.783001454722897949e-02,8.474992292472258271e+00,3.398395417971950216e+00,4.235462637774163597e-02,7.543695783224174889e+00,2.078567954339403112e+00
8.726646259971647668e-01,7.716894977168949765e+01,3.761834484388976857e-02,8.515859614211464645e+00,3.459527917519857887e+00,4.210520682397948106e-02,7.597532525935155157e+00,2.150196006011575456e+00
8.901179185171080865e-01,7.671232876712328164e+01,3.740673245612242265e-02,8.554888289412195590e+00,3.520421179499570119e+00,4.186536155092141637e-02,7.639151443476551506e+00,2.219365910709938827e+00
9.075712110370514063e-01,7.625570776255707983e+01,3.719511284512779653e-02,8.592849200117523623e+00,3.581075269829101515e+00,4.163941434632401073e-02,7.671411600755460469e+00,2.284764578563927451e+00
9.250245035569946150e-01,7.579908675799086382e+01,3.698342142712331138e-02,8.628712668233520233e+00,3.641489024798601370e+00,4.143127213689007382e-02,7.693114759581371587e+00,2.345192576317494115e+00
9.424777960769379348e-01,7.534246575342464780e+01,3.677159357334293388e-02,8.664885904966705965e+00,3.701672785749562156e+00,4.123827909610967152e-02,7.708808584099402061e+00,2.401362412694299842e+00
9.599310885968812546e-01,7.488584474885844600e+01,3.655956459427506244e-02,8.699141088833959756e+00,3.761647236045976950e+00,4.105255566900679193e-02,7.717285920282080269e+00,2.455529215890102979e+00
9.773843811168245743e-01,7.442922374429222998e+01,3.634726947054382762e-02,8.733066053377214644e+00,3.821432059781684654e+00,4.086607762380452258e-02,7.718976058835367304e+00,2.510013571165778945e+00
9.948376736367678941e-01,7.397260273972602818e+01,3.613464262728639104e-02,8.765706572407690800e+00,3.881046269253594971e+00,4.067082072872611059e-02,7.753621643693951349e+00,2.567152528193396233e+00
1.012290966156711214e+00,7.351598173515981216e+01,3.592161792717488145e-02,8.797067940072123449e+00,3.940508978306368260e+00,4.045876075199461575e-02,7.817422736414367357e+00,2.629293919080264885e+00
1.029744258676654534e+00,7.305936073059359614e+01,3.570812867041637390e-02,8.827947682847673505e+00,3.999839009456961136e+00,4.022187346183318801e-02,7.890952640117040673e+00,2.698790150618477934e+00
1.047197551196597631e+00,7.260273972602739434e+01,3.549410758599391008e-02,8.857787403175578334e+00,4.059054925979796558e+00,3.995213462646503289e-02,7.968768470144080851e+00,2.777988818688273298e+00
1.064650843716540951e+00,7.214611872146117832e+01,3.527948658393557230e-02,8.888033644175832748e+00,4.118175141906131209e+00,3.964152960322401414e-02,8.055488641706951114e+00,2.869214658892440539e+00
1.082104136236484271e+00,7.168949771689497652e+01,3.506419647877213192e-02,8.915953017830204885e+00,4.177217927054956981e+00,3.928726495546971953e-02,8.148153559923747125e+00,2.973217706039004149e+00
1.099557428756427591e+00,7.123287671232876050e+01,3.484816697499392574e-02,8.945107643080273618e+00,4.236201425031151047e+00,3.890039406060440130e-02,8.242889366895290948e+00,3.086626146142295912e+00
1.117010721276370910e+00,7.077625570776255870e+01,3.463132666705084212e-02,8.973726755092352292e+00,4.295143690885431020e+00,3.849423989924227046e-02,8.335919553240422886e+00,3.205354555181495257e+00
1.134464013796314230e+00,7.031963470319634268e+01,3.441360302680197825e-02,9.002157357714271058e+00,4.354062718050412784e+00,3.808212545199763516e-02,8.424027060761757113e+00,3.325321004523965840e+00
1.151917306316257550e+00,6.986301369863012667e+01,3.419492207828187663e-02,9.056163421952803105e+00,4.412976462458910731e+00,3.767737369948475495e-02,8.504684557145244739e+00,3.442501344665169327e+00
1.169370598836200870e+00,6.940639269406392486e+01,3.397520805074782935e-02,9.217958259918416886e+00,4.471902873710200232e+00,3.729330762231790330e-02,8.575476040156233992e+00,3.552962185569342957e+00
1.186823891356144189e+00,6.894977168949770885e+01,3.375438336178000071e-02,9.388292672854186449e+00,4.530859919746045072e+00,3.694008162773673026e-02,8.636120871282711775e+00,3.653824446873790155e+00
1.204277183876087287e+00,6.849315068493150704e+01,3.353236861728143420e-02,9.564327548631306186e+00,4.589865615216800698e+00,3.661071322131779354e-02,8.690975968780307426e+00,3.747203606596764658e+00
1.221730476396030607e+00,6.803652968036529103e+01,3.330908257980259163e-02,9.748634297939203108e+00,4.648938050134111322e+00,3.629245294785624076e-02,8.741646031591953303e+00,3.836826178095683382e+00
1.239183768915973927e+00,6.757990867579908922e+01,3.308444182563349822e-02,9.939238249007239290e+00,4.708095415024655672e+00,3.597254700903820129e-02,8.789622996261863719e+00,3.926316725414322750e+00
1.256637061435917246e+00,6.712328767123287321e+01,3.285836053503083526e-02,1.013703524357920749e+01,4.767356032392204845e+00,3.563824160654974205e-02,8.837721708511431018e+00,4.019204298879245130e+00
1.274090353955860566e+00,6.666666666666665719e+01,3.263075048920221349e-02,1.034066768065634889e+01,4.826738383413579747e+00,3.527678294207696463e-02,8.888398018982989868e+00,4.118918231383348783e+00
1.291543646475803886e+00,6.621004566210045539e+01,3.240152106942400384e-02,1.055172106046208214e+01,4.886261137152452250e+00,3.487545045029333268e-02,8.941424884186497835e+00,4.228766531909220916e+00
1.308996938995747206e+00,6.575342465753423937e+01,3.217057880977448880e-02,1.077158881624308329e+01,4.945943182813611116e+00,3.442709178239707069e-02,9.000464413391798146e+00,4.350420117537869835e+00
1.326450231515690525e+00,6.529680365296803757e+01,3.193782622386297232e-02,1.099493315981745134e+01,5.005803657583707711e+00,3.393632080220873593e-02,9.249113740771095493e+00,4.482304621360308161e+00
1.343903524035633845e+00,6.484018264840182155e+01,3.170316161477614025e-02,1.122301495700707541e+01,5.065861980826674937e+00,3.340924630285365543e-02,9.665305637411170991e+00,4.622472356750863653e+00
1.361356816555576943e+00,6.438356164383561975e+01,3.146647907507806041e-02,1.145073945259698256e+01,5.126137886882196071e+00,3.285198636960384028e-02,1.014267960533811141e+01,4.769022827080106275e+00
1.378810109075520263e+00,6.392694063926940373e+01,3.122766873545803831e-02,1.168512486742278078e+01,5.186651457103496732e+00,3.227256267793097988e-02,1.067400624023715849e+01,4.919622939184475463e+00
1.396263401595463582e+00,6.347031963470319482e+01,3.098661820080898452e-02,1.191997758049672740e+01,5.247423158588768288e+00,3.168321193641669697e-02,1.124225967622844813e+01,5.070954146084194036e+00
1.413716694115406902e+00,6.301369863013698591e+01,3.074321306465255255e-02,1.215628974912220350e+01,5.308473879573332610e+00,3.109673622898557338e-02,1.181303691491469543e+01,5.219699626936769477e+00
1.431169986635350222e+00,6.255707762557076990e+01,3.049733690979537434e-02,1.239640742655640793e+01,5.369824967432442975e+00,3.052593763956216663e-02,1.236850662822429214e+01,5.362704936087053120e+00
1.448623279155293542e+00,6.210045662100456099e+01,3.024886929648712072e-02,1.263803506896156748e+01,5.431498272238994396e+00,2.998361825207108977e-02,1.289680244697993672e+01,5.496976829549162780e+00
1.466076571675236861e+00,6.164383561643835208e+01,2.999767524451558282e-02,1.288307197942049065e+01,5.493516187575790077e+00,2.948258015043694544e-02,1.338453010122907116e+01,5.619627329303101604e+00
1.483529864195180181e+00,6.118721461187214317e+01,2.974360180743465878e-02,1.313107316258471435e+01,5.555901695405641938e+00,2.903496033165550369e-02,1.381922509514730635e+01,5.728040290980600524e+00
1.500983156715123501e+00,6.073059360730593426e+01,2.948647822128091719e-02,1.338076407832538450e+01,5.618678416325302294e+00,2.863781256009871254e-02,1.420288151872789761e+01,5.823355252137047522e+00
1.518436449235066599e+00,6.027397260273972535e+01,2.922613510321611999e-02,1.363235882408404720e+01,5.681870658595393309e+00,2.827322517956006726e-02,1.455631282888822753e+01,5.910221109141669871e+00
1.535889741755009918e+00,5.981735159817350933e+01,2.896244227626008569e-02,1.388987858836748046e+01,5.745503471068555079e+00,2.792264500976750566e-02,1.489379178457216391e+01,5.993301507265207384e+00
1.553343034274953238e+00,5.936073059360730042e+01,2.869531319116537180e-02,1.414731739208696837e+01,5.809602702376539085e+00,2.756751887044897598e-02,1.523691167942171631e+01,6.077161263051370277e+00
1.570796326794896558e+00,5.890410958904109151e+01,2.842470918235451283e-02,1.440964606996023001e+01,5.874195062654448130e+00,2.718931293145205458e-02,1.560357628100230265e+01,6.166288697626357340e+00
1.588249619314839878e+00,5.844748858447488260e+01,2.815066378912792905e-02,1.467453157985606360e+01,5.939308185477456092e+00,2.677725520960545433e-02,1.600195864396341250e+01,6.263349221959063406e+00
1.605702911834783198e+00,5.799086757990867369e+01,2.787329071872928637e-02,1.494131095869566295e+01,6.004970695507102718e+00,2.634017322637659253e-02,1.643075327038048172e+01,6.366439229565255431e+00
1.623156204354726517e+00,5.753424657534246478e+01,2.759274079177436931e-02,1.521249140273748068e+01,6.071212309229236936e+00,2.588994044650423307e-02,1.687257489298816537e+01,6.472952402160085938e+00
1.640609496874669837e+00,5.707762557077625587e+01,2.730913395242053066e-02,1.548728488939990910e+01,6.138063840818077210e+00,2.543843033472716064e-02,1.732153901964533560e+01,6.580275319796440314e+00
1.658062789394613157e+00,5.662100456621003985e+01,2.702258229131006273e-02,1.576504357322139072e+01,6.205557404319619330e+00,2.499745199739370621e-02,1.776322125961249299e+01,6.685736473458335105e+00
1.675516081914556477e+00,5.616438356164383094e+01,2.673322158516676025e-02,1.604484319781311896e+01,6.273725989410176673e+00,2.457109895195521559e-02,1.819623031034239702e+01,6.788435613601004448e+00
1.692969374434499574e+00,5.570776255707762203e+01,2.644116306300906341e-02,1.633210507146403145e+01,6.342599180527234815e+00,2.414851834516156676e-02,1.862953515981883967e+01,6.891062572246971385e+00
1.710422666954442894e+00,5.525114155251141312e+01,2.614651443211101975e-02,1.661947634335341917e+01,6.412202440320907471e+00,2.371714543530468317e-02,1.907954800237553883e+01,6.996803641770806159e+00
1.727875959474386214e+00,5.479452054794520421e+01,2.584942459924958330e-02,1.691280468677382842e+01,6.482559762426791217e+00,2.326441548067645360e-02,1.955351341037171764e+01,7.108983072141290549e+00
1.745329251994329534e+00,5.433789954337899530e+01,2.555001613939186789e-02,1.721066062894355397e+01,6.553695624108731188e+00,2.277776373956878417e-02,2.007850807683269068e+01,7.231104220796528814e+00
1.762782544514272853e+00,5.388127853881277929e+01,2.524840487997535160e-02,1.751082704130765322e+01,6.625634221093410048e+00,2.224462547188703343e-02,2.065936137990220445e+01,7.366905940958005772e+00
1.780235837034216173e+00,5.342465753424657038e+01,2.494471000050455314e-02,1.781651529675820456e+01,6.698399062570017826e+00,2.165985894327655467e-02,2.131373643673156337e+01,7.518552039342438320e+00
1.797689129554159493e+00,5.296803652968036147e+01,2.463905161485069328e-02,1.812675111307609299e+01,6.772013652739529377e+00,2.104748051028525885e-02,2.201472487437940373e+01,7.680522453853471099e+00
1.815142422074102813e+00,5.251141552511415256e+01,2.433154947677753158e-02,1.844189942154025985e+01,6.846502188600274152e+00,2.043866496091613361e-02,2.272959106574281307e+01,7.844614948079787098e+00
1.832595714594046132e+00,5.205479452054794365e+01,2.402232262030580892e-02,1.875990402294672776e+01,6.921888903545890592e+00,1.986406886138186029e-02,2.342089838349637532e+01,8.002124193076920022e+00
1.850049007113989230e+00,5.159817351598173474e+01,2.371148622607795534e-02,1.908546215361928589e+01,6.998197993097537761e+00,1.933742704070015236e-02,2.406820522793539041e+01,8.148589743829660392e+00
1.867502299633932550e+00,5.114155251141552583e+01,2.339917692902366425e-02,1.941096028475940471e+01,7.075453670118120542e+00,1.885219454025839972e-02,2.467830580190164014e+01,8.285219124444447303e+00
1.884955592153875870e+00,5.068493150684930981e+01,2.308552788615429383e-02,1.974526550771259892e+01,7.153680186871448576e+00,1.840062966274873604e-02,2.525455019820224578e+01,8.413749707763852115e+00
1.902408884673819189e+00,5.022831050228310090e+01,2.277065030311016883e-02,2.008621604717852094e+01,7.232901859236962494e+00,1.797499071086334707e-02,2.581101844864609873e+01,8.536068029760206954e+00
1.919862177193762509e+00,4.977168949771689199e+01,2.245465088424782735e-02,2.042897310228273611e+01,7.313143158923423925e+00,1.756816572753317623e-02,2.634543191044892296e+01,8.653989909408457137e+00
1.937315469713705829e+00,4.931506849315068308e+01,2.213765430455146357e-02,2.077765102373444961e+01,7.394427390874710682e+00,1.717580984214248790e-02,2.687313945738058507e+01,8.768619676362542137e+00
1.954768762233649149e+00,4.885844748858447417e+01,2.181980971987658793e-02,2.113275196286993562e+01,7.476777649580701457e+00,1.679433797793625574e-02,2.739219611605937743e+01,8.880887047691981451e+00
1.972222054753592468e+00,4.840182648401826526e+01,2.150121004271064729e-02,2.149386397632290269e+01,7.560205959699000111e+00,1.642016507939954295e-02,2.790691029663314637e+01,8.991755010021037720e+00
1.989675347273535788e+00,4.794520547945204925e+01,2.118197971106193164e-02,2.185806122043232946e+01,7.644674881810884948e+00,1.604970609101739887e-02,2.842791012874162249e+01,9.102240254061593205e+00
2.007128639793478886e+00,4.748858447488584034e+01,2.086226493408304544e-02,2.223205285319540536e+01,7.730130602702728559e+00,1.567937595727489017e-02,2.895524636011363739e+01,9.213348382185721164e+00
2.024581932313422428e+00,4.703196347031963143e+01,2.054214503711261283e-02,2.260691849829497002e+01,7.816516274435800327e+00,1.530558962265707312e-02,2.949314168219500942e+01,9.326154231674287587e+00
2.042035224833365525e+00,4.657534246575342252e+01,2.022178882774618852e-02,2.298926944093551583e+01,7.903774723816287207e+00,1.492282968943543266e-02,3.005623453289317482e+01,9.442326289129034933e+00
2.059488517353309067e+00,4.611872146118721361e+01,1.990128343077218406e-02,2.337580563570509895e+01,7.991848864949750997e+00,1.451296207322680387e-02,3.066524232125785687e+01,9.567435325855425887e+00
2.076941809873252165e+00,4.566210045662100470e+01,1.958076899433107421e-02,2.376665714115446804e+01,8.080671637967562049e+00,1.405278928114076648e-02,3.136628080586681477e+01,9.708726703597866603e+00
2.094395102393195263e+00,4.520547945205478868e+01,1.926036059853301896e-02,2.416432749905009558e+01,8.170184098779936122e+00,1.351938311004954527e-02,3.219232511414355713e+01,9.873563424644109077e+00
2.111848394913138804e+00,4.474885844748857977e+01,1.894017682240271838e-02,2.456648550493672900e+01,8.260328961411095960e+00,1.291777245368577569e-02,3.314917971009231934e+01,1.006070447465077855e+01
2.129301687433081902e+00,4.429223744292237086e+01,1.862034964663520503e-02,2.497425373539319438e+01,8.351048593058752800e+00,1.230419746205821049e-02,3.415132514320094259e+01,1.025281905563755558e+01
2.146754979953025444e+00,4.383561643835616195e+01,1.830098520058092565e-02,2.538302743548775098e+01,8.442284998645039451e+00,1.174033113411633404e-02,3.509540211263786347e+01,1.043038178198896837e+01
2.164208272472968542e+00,4.337899543378995304e+01,1.798222503420576421e-02,2.580152435288990986e+01,8.533979919197747677e+00,1.126660829191754656e-02,3.591110672381402935e+01,1.058023767122800507e+01
2.181661564992912083e+00,4.292237442922374413e+01,1.766416750429601265e-02,2.621810603130550632e+01,8.626074941104528548e+00,1.086778939056975979e-02,3.661432579118199726e+01,1.070683228347108873e+01
2.199114857512855181e+00,4.246575342465753522e+01,1.734696126980293795e-02,2.664212790244874185e+01,8.718511605423026722e+00,1.051962299572399388e-02,3.724409765250681659e+01,1.081762953792769366e+01
2.216568150032798723e+00,4.200913242009131920e+01,1.703069690798385619e-02,2.706985011461505408e+01,8.811231707609444186e+00,1.019785767303121350e-02,3.783168050279805783e+01,1.092021260597493892e+01
2.234021442552741821e+00,4.155251141552511029e+01,1.671553231504500220e-02,2.750010241433803060e+01,8.904177094164751338e+00,9.878297089299544614e-03,3.843399944806542834e+01,1.102225784658374863e+01
2.251474735072684918e+00,4.109589041095890138e+01,1.640154595335044027e-02,2.793276196571258652e+01,8.997291140193215853e+00,9.543995425045508768e-03,3.906654375648020761e+01,1.112915823743866994e+01
2.268928027592628460e+00,4.063926940639269247e+01,1.608890982591267352e-02,2.837208784123660621e+01,9.090516454052862017e+00,9.192413592147953907e-03,3.975482648207765379e+01,1.124169874030390304e+01
2.286381320112571558e+00,4.018264840182648356e+01,1.577769147845317979e-02,2.881615231317300996e+01,9.183786542404712705e+00,8.822714044844939124e-03,4.049345976247050061e+01,1.136010645641503913e+01
2.303834612632515100e+00,3.972602739726027465e+01,1.546806604290790026e-02,2.925581514826937379e+01,9.277041224328822722e+00,8.434094211813333852e-03,4.129343388036105011e+01,1.148459970981464551e+01
2.321287905152458197e+00,3.926940639269405864e+01,1.516011809398208794e-02,2.970784556161783030e+01,9.370228760389490930e+00,8.030816067971860428e-03,4.214458048565983717e+01,1.161363684341596603e+01
2.338741197672401739e+00,3.881278538812784973e+01,1.485398002070559102e-02,3.015739251063479287e+01,9.463292194374599120e+00,7.627460757254480445e-03,4.303160808225862866e+01,1.174214289892674756e+01
2.356194490192344837e+00,3.835616438356164082e+01,1.454978906979759352e-02,3.060967038502991500e+01,9.556165672769115105e+00,7.239865352005482764e-03,4.391860274708933787e+01,1.186471914097780989e+01
2.373647782712288379e+00,3.789954337899543191e+01,1.424763017778281696e-02,3.106911974457364067e+01,9.648795328844801844e+00,6.883866924569147575e-03,4.475719360311945394e+01,1.197641030580436983e+01
2.391101075232231477e+00,3.744292237442922300e+01,1.394765966818937997e-02,3.152722366890855099e+01,9.741127787954351192e+00,6.573279005812053544e-03,4.551545635433696191e+01,1.207307247952560481e+01
2.408554367752174574e+00,3.698630136986301409e+01,1.364999681214499813e-02,3.198799975702473475e+01,9.833101144151322970e+00,6.305769548395469791e-03,4.609034189498561318e+01,1.215568434693416933e+01
2.426007660272118116e+00,3.652968036529679807e+01,1.335474406702227140e-02,3.245259358653807880e+01,9.924652706299308846e+00,6.071276478424703082e-03,4.526528238426756445e+01,1.222756020344486849e+01
2.443460952792061214e+00,3.607305936073058916e+01,1.306201276101626001e-02,3.292094764484973979e+01,1.001572139400552430e+01,5.859689341572705407e-03,4.392926220932150727e+01,1.229195272206044010e+01
2.460914245312004756e+00,3.561643835616438025e+01,1.277196527197184579e-02,3.338153654777300261e+01,1.010624797811710529e+01,5.660897683512450436e-03,4.270084960062406054e+01,1.235198889337384642e+01
2.478367537831947853e+00,3.515981735159817134e+01,1.248471037175725822e-02,3.385369477175597552e+01,1.019617511574655744e+01,5.464791049916900567e-03,4.144437226955090381e+01,1.241066650556946094e+01
2.495820830351891395e+00,3.470319634703196243e+01,1.220036469810853799e-02,3.432238668455536867e+01,1.028544634358739884e+01,5.261258986459006054e-03,4.011281219412466470e+01,1.247093226694954105e+01
2.513274122871834493e+00,3.424657534246575352e+01,1.191904646143646974e-02,3.479075518460835781e+01,1.037400485957710394e+01,5.040216962267313715e-03,3.865198711640082507e+01,1.253569248546957660e+01
2.530727415391778035e+00,3.378995433789954461e+01,1.164087720272603647e-02,3.526615955201172881e+01,1.046179344988009419e+01,4.796060121467100694e-03,3.704518032971937203e+01,1.260642937819884679e+01
2.548180707911721132e+00,3.333333333333332860e+01,1.136598000168541692e-02,3.573873648557332672e+01,1.054875448888774869e+01,4.532720229856984639e-03,3.531705018836638033e+01,1.268183754770392291e+01
2.565634000431664230e+00,3.287671232876711969e+01,1.109447829670953158e-02,3.621231353278007248e+01,1.063482993921839359e+01,4.255351280486377279e-03,3.352466703103351620e+01,1.276032265638897556e+01
2.583087292951607772e+00,3.242009132420091078e+01,1.082649368418665999e-02,3.668846856938120737e+01,1.071996135171730735e+01,3.969107266404661716e-03,3.170694918741494206e+01,1.284036365845311423e+01
2.600540585471550870e+00,3.196347031963470187e+01,1.056214484341040129e-02,3.716734404833781014e+01,1.080408626131288230e+01,3.679142180661249678e-03,2.991463378511306814e+01,1.292051005460596613e+01
2.617993877991494411e+00,3.150684931506849296e+01,1.030154173553018450e-02,3.763927385440768347e+01,1.088713651228369805e+01,3.390586126548128867e-03,2.818571689163693605e+01,1.299938247519403589e+01
2.635447170511437509e+00,3.105022831050228049e+01,1.004480381461130868e-02,3.811983040197573303e+01,1.096906986282623109e+01,3.107796620350538209e-03,2.653809368894016529e+01,1.307586599924485427e+01
2.652900463031381051e+00,3.059360730593607158e+01,9.792089782255691127e-03,3.859637332222298056e+01,1.104981044211765173e+01,2.834209559004559082e-03,2.499238512614942209e+01,1.314913129975528427e+01
2.670353755551324149e+00,3.013698630136986267e+01,9.543511311130147001e-03,3.906747657548093144e+01,1.112931313849662551e+01,2.573206852213373846e-03,2.356641494513259616e+01,1.321838726108607354e+01
2.687807048071267690e+00,2.968036529680365021e+01,9.299160471367480529e-03,3.954548736271778608e+01,1.120752158904617168e+01,2.328170409680170930e-03,2.226097969064077375e+01,1.328286102352197950e+01
2.705260340591210788e+00,2.922374429223744130e+01,9.059162685108142904e-03,4.001760883377438915e+01,1.128436955869133307e+01,2.102482141108137897e-03,2.109396463550283229e+01,1.334179300001236612e+01
2.722713633111153886e+00,2.876712328767123239e+01,8.823661402745933829e-03,4.049154500122786970e+01,1.135980297192883626e+01,1.899516883734063757e-03,2.007595149309588933e+01,1.339443370299764702e+01
2.740166925631097428e+00,2.831050228310501993e+01,8.592803567315876120e-03,4.096115522606240233e+01,1.143376067367580262e+01,1.721238272682105129e-03,1.920046833044711931e+01,1.344039964263550857e+01
2.757620218151040525e+00,2.785388127853881102e+01,8.366693422806003450e-03,4.143521263332160487e+01,1.150618496836968596e+01,1.566503596393558576e-03,1.845704847710703334e+01,1.348009356984093721e+01
2.775073510670984067e+00,2.739726027397260211e+01,8.145375480989430414e-03,4.189914572815370519e+01,1.157701691813410960e+01,1.433756302428232420e-03,1.783522881871595800e+01,1.351400056342767542e+01
2.792526803190927165e+00,2.694063926940638964e+01,7.928843958827695715e-03,4.236710252092122886e+01,1.164619687243674484e+01,1.321439838345920235e-03,1.731455890426691724e+01,1.354258495743633794e+01
2.809980095710870707e+00,2.648401826484018073e+01,7.717073388817183820e-03,4.283504089814010030e+01,1.171366858908569952e+01,1.227997651706403022e-03,1.688743608688486120e+01,1.356629412056946293e+01
2.827433388230813804e+00,2.602739726027397182e+01,7.510024796118670680e-03,4.329242240955069576e+01,1.177938248530799292e+01,1.151873190069509049e-03,1.654850555101799614e+01,1.358556155991907310e+01
2.844886680750757346e+00,2.557077625570776291e+01,7.307645698557327200e-03,4.376111772210265372e+01,1.184335402728758346e+01,1.091509900994998717e-03,1.628065150290986907e+01,1.360080958611763968e+01
2.862339973270700444e+00,2.511415525114155045e+01,7.109870106622718372e-03,4.422024789543726797e+01,1.190560768703003625e+01,1.045333889007346974e-03,1.607433214089146389e+01,1.361245593555064559e+01
2.879793265790643542e+00,2.465753424657534154e+01,6.916618523468802404e-03,4.467782071648281317e+01,1.196617303805948573e+01,1.011562223650789866e-03,1.592417481702092452e+01,1.362096392107985032e+01
2.897246558310587083e+00,2.420091324200913263e+01,6.727797944913931592e-03,4.513710246500022549e+01,1.202507950227091449e+01,9.882735030842569948e-04,1.582161148951261431e+01,1.362682617638283844e+01
2.914699850830530181e+00,2.374429223744292017e+01,6.543317469659083209e-03,4.559428916187500391e+01,1.208235581386244029e+01,9.735438498586666215e-04,1.575719853321372810e+01,1.363053191989477320e+01
2.932153143350473723e+00,2.328767123287671126e+01,6.363118772872379016e-03,4.603260442294104848e+01,1.213802759808645781e+01,9.654493865249698598e-04,1.572193981210969405e+01,1.363256769203985463e+01
2.949606435870416821e+00,2.283105022831050235e+01,6.187100444859168664e-03,4.591334620040382219e+01,1.219212326512806399e+01,9.620662356341314839e-04,1.570723076848459421e+01,1.363341842104915358e+01
2.967059728390360362e+00,2.237442922374428989e+01,6.015195763405618325e-03,4.488343029087636893e+01,1.224467174257575408e+01,9.614705197370626002e-04,1.570464239987277999e+01,1.363356821158563648e+01
2.984513020910303460e+00,2.191780821917808098e+01,5.847320839492323348e-03,4.385549018767713392e+01,1.229570211720095507e+01,9.617383613847413186e-04,1.570580610368142160e+01,1.363350086411953832e+01
3.001966313430247002e+00,2.146118721461187207e+01,5.683318940433492936e-03,4.284194955724079534e+01,1.234524329235978435e+01,9.609458831280920810e-04,1.570236327317139491e+01,1.363370012738942272e+01
3.019419605950190100e+00,2.100456621004565960e+01,5.522970202470047114e-03,4.182319982283119231e+01,1.239332197225243526e+01,9.571692075180728313e-04,1.568596769924337586e+01,1.363464968482076323e+01
3.036872898470133197e+00,2.054794520547945069e+01,5.366068687476984941e-03,4.079633879319456469e+01,1.243997595052493210e+01,9.484844571056216724e-04,1.564833651513923307e+01,1.363683287523715038e+01
3.054326190990076739e+00,2.009132420091324178e+01,5.212423478820410287e-03,3.979353821458015972e+01,1.248530080678448506e+01,9.329677544416897176e-04,1.558133586804069992e+01,1.364073214902488651e+01
3.071779483510019837e+00,1.963470319634702932e+01,5.061857231554748801e-03,3.879612603691312955e+01,1.252938323087618144e+01,9.087062465794127145e-04,1.547710759498490951e+01,1.364682549570482273e+01
3.089232776029963379e+00,1.917808219178082041e+01,4.914204876018575530e-03,3.781675890000685314e+01,1.257230209528218623e+01,8.752381373280693514e-04,1.533415711944038584e+01,1.365522420761358369e+01
3.106686068549906476e+00,1.872146118721461150e+01,4.769312471301420144e-03,3.687005730052090513e+01,1.261412978827251763e+01,8.349850808078586708e-04,1.516280899871415500e+01,1.366531501286128503e+01
3.124139361069850018e+00,1.826484018264839904e+01,4.627036187975630023e-03,3.593177827461096285e+01,1.265493246815979589e+01,7.907093177125485524e-04,1.497395130871384339e+01,1.367640096981892839e+01
3.141592653589793116e+00,1.780821917808219013e+01,4.487241402531165838e-03,3.502196894902091628e+01,1.269477104714111171e+01,7.451730887359073099e-04,1.477930419916834914e+01,1.368778808030566907e+01
3.159045946109736658e+00,1.735159817351598122e+01,4.349801889515379251e-03,3.413058417585749993e+01,1.273370160776008930e+01,7.011386345716894876e-04,1.459292860670500325e+01,1.369878576810023496e+01
3.176499238629679756e+00,1.689497716894977231e+01,4.214599098550353938e-03,3.326396904489645578e+01,1.277177595605755123e+01,6.613681959136700128e-04,1.442761861679638002e+01,1.370870683283283142e+01
3.193952531149622853e+00,1.643835616438355984e+01,4.081521506095297028e-03,3.241363764411649839e+01,1.280904205962784026e+01,6.286240134556100433e-04,1.429299539750796377e+01,1.371686684765092146e+01
3.211405823669566395e+00,1.598173515981735093e+01,3.950464032179191488e-03,3.159079590932467596e+01,1.284554440097374872e+01,6.054157769590153438e-04,1.419787831310369164e+01,1.372264593485013151e+01
3.228859116189509493e+00,1.552511415525114025e+01,3.821327515001068063e-03,3.079042613421934504e+01,1.288132433873639116e+01,5.916575427775500008e-04,1.414146741616072411e+01,1.372607010839095842e+01
3.246312408709453035e+00,1.506849315068493134e+01,3.694018236267114681e-03,3.000549256513085083e+01,1.291642039987512014e+01,5.857373473740258314e-04,1.411718106736948464e+01,1.372754313283875760e+01
3.263765701229396132e+00,1.461187214611872065e+01,3.568447491434908591e-03,2.924435520201351579e+01,1.295086852389614762e+01,5.860237067139615176e-04,1.411835590938969709e+01,1.372747188836864396e+01
3.281218993749339674e+00,1.415525114155250996e+01,3.444531199820982919e-03,2.850260654847376074e+01,1.298470233183000921e+01,5.908851367628831144e-04,1.413829910358448494e+01,1.372626230721428975e+01
3.298672286269282772e+00,1.369863013698630105e+01,3.322189550141994591e-03,2.778662563740326163e+01,1.301795328873721935e+01,5.986901534862958596e-04,1.417030841753077475e+01,1.372431998401105524e+01
3.316125578789226314e+00,1.324200913242009037e+01,3.201346677612570534e-03,2.707990256902298754e+01,1.305065094026969241e+01,6.078072728497324216e-04,1.420767915471626175e+01,1.372205060106785979e+01
3.333578871309169411e+00,1.278538812785388146e+01,3.081930369215177181e-03,2.638992843909105446e+01,1.308282302556842147e+01,6.166494072123982796e-04,1.424391213468704009e+01,1.371984911426464038e+01
3.351032163829112953e+00,1.232876712328767077e+01,2.963871794190622855e-03,2.572189813415596049e+01,1.311449568108434249e+01,6.242730829694927716e-04,1.427515702758161531e+01,1.371795055900391347e+01
3.368485456349056051e+00,1.187214611872146008e+01,2.847105257144675293e-03,2.506487519661015995e+01,1.314569352135135638e+01,6.302199099374478780e-04,1.429954012644408579e+01,1.371646931547241621e+01
3.385938748868999149e+00,1.141552511415525117e+01,2.731567971224200305e-03,2.442107026575138207e+01,1.317643980935184800e+01,6.340433913046056216e-04,1.431522470433585958e+01,1.371551682761190349e+01
3.403392041388942690e+00,1.095890410958904049e+01,2.617199849571617658e-03,2.380377873070591477e+01,1.320675652773951114e+01,6.352970302592945810e-04,1.432036892953786200e+01,1.371520450474941200e+01
3.420845333908885788e+00,1.050228310502282980e+01,2.503943313448016468e-03,2.319195178581143324e+01,1.323666449850964000e+01,6.335343299898297826e-04,1.431313604000741613e+01,1.371564364847051820e+01
3.438298626428829330e+00,1.004566210045662089e+01,2.391743114781165903e-03,2.259263402150185485e+01,1.326618347711164247e+01,6.283087936845599712e-04,1.429170280862114595e+01,1.371694536568553957e+01
3.455751918948772428e+00,9.589041095890410205e+00,2.280546172099639710e-03,2.201453408528752931e+01,1.329533220432873009e+01,6.191739245318070035e-04,1.425425751851422085e+01,1.371922046813135410e+01
3.473205211468715969e+00,9.132420091324199518e+00,2.170301418972991198e-03,2.144367293747384196e+01,1.332412852835193640e+01,6.056832257198929530e-04,1.419897442124000619e+01,1.372257935871063417e+01
3.490658503988659067e+00,8.675799086757990608e+00,2.060959662595016843e-03,2.088216347666792672e+01,1.335258942834813567e+01,5.873902004371596257e-04,1.412396206317299097e+01,1.372713190517091064e+01
3.508111796508602609e+00,8.219178082191779922e+00,1.952473453186395454e-03,2.033906566863672793e+01,1.338073109851763398e+01,5.638483518719422140e-04,1.402737133513190493e+01,1.373298730007429036e+01
3.525565089028545707e+00,7.762557077625570123e+00,1.844796961429397142e-03,1.980500211902818819e+01,1.340856901770418297e+01,5.346111832125559609e-04,1.390755376023856016e+01,1.374025390955079828e+01
3.543018381548488804e+00,7.305936073059360325e+00,1.737885864982770517e-03,1.928113496119516057e+01,1.343611796363054722e+01,4.992321976473295536e-04,1.376319695123319775e+01,1.374903911378515886e+01
3.560471674068432346e+00,6.849315068493150527e+00,1.631697241458547696e-03,1.876947902485018815e+01,1.346339209893940314e+01,4.572648983646180796e-04,1.359339053209701831e+01,1.375944913621071564e+01
3.577924966588375444e+00,6.392694063926940728e+00,1.526189469017755467e-03,1.826581547290869878e+01,1.349040500836966672e+01,4.085470001234551641e-04,1.339819816323844037e+01,1.377151848965088554e+01
3.595378259108318986e+00,5.936073059360730042e+00,1.421322132296342971e-03,1.777760600515569323e+01,1.351716971198693429e+01,3.546387835134062294e-04,1.318425329606450980e+01,1.378485478166909495e+01
3.612831551628262083e+00,5.479452054794520244e+00,1.317055934376745166e-03,1.729431711612926748e+01,1.354369873967380755e+01,2.977460844501190898e-04,1.295956704272759730e+01,1.379890796325343771e+01
3.630284844148205625e+00,5.022831050228310446e+00,1.213352613727222912e-03,1.682161459992686403e+01,1.357000415745620892e+01,2.400758769033756179e-04,1.273217207621624247e+01,1.381313084400147773e+01
3.647738136668148723e+00,4.566210045662099759e+00,1.110174865366775430e-03,1.636380611502087490e+01,1.359609757520028950e+01,1.838351348429309606e-04,1.251302811512307755e+01,1.382697955270090162e+01
3.665191429188092265e+00,4.109589041095889961e+00,1.007486266733128785e-03,1.590615706085343284e+01,1.362199020643676839e+01,1.312308322385537631e-04,1.231299198669602646e+01,1.383991353611740927e+01
3.682644721708035362e+00,3.652968036529680163e+00,9.052512069420102234e-04,1.546231139085690209e+01,1.364769289646406669e+01,8.446994306003926070e-05,1.214117412763440917e+01,1.385139517625646199e+01
3.700098014227978460e+00,3.196347031963470364e+00,8.034348194250185132e-04,1.502833883529483749e+01,1.367321612437308076e+01,4.575944127715607162e-05,1.200447426192010525e+01,1.386088905568053953e+01
3.717551306747922002e+00,2.739726027397260122e+00,7.020029179677504975e-04,1.459655349961917459e+01,1.369857004257994859e+01,1.730630085965935295e-05,1.190780219738861589e+01,1.386786090880605471e+01
3.735004599267865100e+00,2.283105022831049880e+00,6.009219351328819658e-04,1.417945839158268129e+01,1.372376451461015634e+01,1.317495777357839993e-06,1.185505927697948714e+01,1.387177627090921384e+01
3.752457891787808641e+00,1.826484018264840081e+00,5.001588645813539969e-04,1.376696493992579917e+01,1.374880911662043026e+01,0.000000000000000000e+00,1.185076684251008139e+01,1.387209882549012008e+01
3.769911184307751739e+00,1.369863013698630061e+00,3.996811999536861878e-04,1.336288251158842932e+01,1.377371315233781246e+01,1.556078749734769010e-05,1.190198679747666510e+01,1.386828843529845301e+01
3.787364476827695281e+00,9.132420091324200406e-01,2.994568713315965834e-04,1.296632236647382186e+01,1.379848569811515979e+01,5.020683223922305246e-05,1.201989006687528949e+01,1.385979882704937438e+01
3.804817769347638379e+00,4.566210045662100203e-01,1.994543860064986341e-04,1.257346044891227521e+01,1.382313561139135238e+01,1.061451081953544576e-04,1.221999842621553611e+01,1.384607489227298238e+01
3.822271061867581921e+00,0.000000000000000000e+00,9.964164531839408902e-05,1.219619058842741843e+01,1.384767153215499746e+01,1.855825893355238492e-04,1.251976919225576879e+01,1.382654958096056141e+01
